roi_def,packing_cells_per_mm2,density_tx_per_cell,sigma_point_um,sigma_ci_lo_um,sigma_ci_hi_um,oracle_point,oracle_opt_ci_lo,oracle_pess_ci_hi,naive_point,above_ceiling_0p90_whole_ci,above_ceiling_0p95_whole_ci,pos_threshold,roi_radius_um,section_median_packing,section_median_density,n_triple_positive_cells,n_dcis_cells,dcis_nest_pack_median,dcis_nest_pack_p90,dcis_nest_pack_p95,seed
tp_neighborhood,7103.228085959063,194.0,2.09640608517279,1.432371425858743,2.4958747819587668,0.7978531349109539,0.8601930206003348,0.7679649934279487,0.7202569732455071,True,True,2,50.0,6534.248070573831,164.0,165,8898,6411.740432755497,9328.962828647935,10446.351225050223,21170618
tp_cells_own,7984.839281122358,295.0,2.09640608517279,1.432371425858743,2.4958747819587668,0.7866252504585114,0.8495294567317129,0.747678727114211,0.7046338800131458,True,True,2,50.0,6534.248070573831,164.0,165,8898,6411.740432755497,9328.962828647935,10446.351225050223,21170718
dcis_nest_p90_proxy,9328.962828647935,194.0,2.09640608517279,1.432371425858743,2.4958747819587668,0.7683967440260739,0.8408994948942092,0.7320683304327256,0.6876361432759552,True,True,2,50.0,6534.248070573831,164.0,165,8898,6411.740432755497,9328.962828647935,10446.351225050223,21170818
